fund_name,aic,shapiro_p,ljungbox_p,runs_p,pass_all
"The Rama Fund, LLC",-284.79255136361985,0.0018523581165708779,0.890004739104175,0.6876577997456863,False
"Weaver Arbitrage Partners, L.P.",82.31325080420362,0.008247684840414026,0.4740456247272886,0.4166079797081017,False
"W Financial Fund, L.P. Class B",84.39484006421385,7.561423147825083e-20,0.8497337792267708,0.005469071868221098,False
TAS Fixed Income Arbitrage - Class H (USD),123.66606718789308,0.8772084834361658,0.3205820224022066,1.0,True
"Symphony Rhapsody Fund, L.P.",151.56532597087372,0.5653717686090334,0.019358428451242624,0.5464731290798559,False
MB Dislocation Opportunity Fund,172.8313878520584,6.464236997660932e-05,0.6678319693415192,0.027022267193961058,False
SSI Hedged Convertible Income Strategy,181.92426396559037,0.021022871148117662,0.7314539773273278,0.31485395233775604,False
Gabelli Associates Fund LP,193.83232176930895,0.5136691941900402,0.6950620538885343,1.0,True
Gabelli Associates Fund II LP,194.89432211451995,0.8413686554234358,0.44813303458472553,0.5464731290798559,True
Victory Arcadia Fund Class A USD,200.19156828429973,0.5366875893724449,0.7524814569871101,0.5464731290798559,True
Aurum Isis Standard Sterling Restricted,202.06538623567909,0.8838166952379096,0.24734986943462825,0.15939040677403393,True
Aurum Isis Standard Swiss Franc Restricted,202.49010759096765,0.6582078295121077,0.12237690822548127,0.3576984423585343,True
Victory Arcadia Fund Class C EUR,203.3665626439704,0.4375496571157287,0.5698587999968654,0.5464731290798559,True
Aurum Isis Standard Dollar Restricted,203.6257046535425,0.5767537549091379,0.29327215012730856,0.5464731290798559,True
Aurum Isis Standard Euro Restricted,203.73458207599168,0.7946870126035929,0.152507269726889,0.5464731290798559,True
Victory Arcadia Fund Class B GBP,203.97016773434467,0.22223904256103694,0.585465508948387,0.8406846414712399,True
"Pine Grove Partners, L.P. - Class C",211.7298941496702,0.7530411450982287,0.9286032836855201,0.8406846414712399,True
"Waterfall Victoria Fund, L.P.",213.26366716112565,1.726017315203017e-05,0.7342541679572768,0.31485395233775604,False
Pine Grove Institutional Partners L.P. - Class C,215.2467435386442,0.2014799004931509,0.9414463850638459,0.6876577997456863,True
"Waterfall Victoria Fund, Ltd",215.86178740220075,1.5226492513609036e-05,0.9669179556409603,0.07042609327631655,False
Pine Grove Offshore Fund Ltd. Class C Shares,217.90552065610623,0.17819153319949654,0.9243781275475154,0.6876577997456863,True
Absolute Focus Fund Limited Class A,220.6225667186248,0.07099519282056126,0.6463646560818126,0.6876577997456863,True
"Yakira Partners, L.P.",222.47520277728356,0.08465695916337974,0.5192325528638875,0.8406846414712399,True
Absolute Focus Fund Limited Class B,225.91778459149668,0.036982805680299005,0.6412017995665846,1.0,False
Southpaw Credit Opportunity Fund (FTE) Ltd.,226.37684292979472,0.02598896514363503,0.7010011224705205,0.15939040677403393,False
Sycomore L/S Market Neutral Class I EUR,233.74202108726584,0.3486167231294246,0.9256633043872681,0.5423653206245738,True
"Aurum Managed Euro Portfolio, Ltd.",237.88402804262577,0.23485167691472986,0.9637443237784616,0.5464731290798559,True
"Aurum Managed Dollar Portfolio, Ltd.",240.59868586930304,0.3304826036242652,0.9910345770030661,0.8406846414712399,True
"Aurum Managed Sterling Portfolio, Ltd.",240.61804047927694,0.3210372432737068,0.9741753728523771,0.68462500549865,True
WCM Merger Fund Investor Class,245.667237843738,0.03151556468533639,0.45870639722852535,0.4166079797081017,False
Aurum Multi Strategy Standard Euro Restricted,245.8169271052796,0.2580219201676597,0.9232411667303518,0.5464731290798559,True
Aurum Multi Strategy Standard Sterling Restricted,247.53346829772315,0.2031612813042873,0.9491686243101587,0.31485395233775604,True
Aurum Multi Strategy Standard Dollar Restricted,247.80586258245182,0.17187256765510162,0.9656736028291303,0.8406846414712399,True
TIG Arbitrage Associates L.P./Ltd.,252.54027019562244,0.12552544362062656,0.9235806135246051,0.6876577997456863,True
Alphanatics Fund (D - JPY),253.04092357598634,0.4438862431025542,0.9247972605352084,0.421355814012109,True
Polar Multi-Strategy Fund,253.2716051547795,0.12119837459010807,0.7556274601213618,0.31485395233775604,True
Lighthouse V Fund Limited (Class A),253.61968934423547,0.5829874890777865,0.9118933083142624,0.015855979706169032,False
Alphanatics Fund (A - EUR),255.12415979810652,0.9144664005379987,0.8669008079478859,0.2277762709715887,True
Alphanatics Fund (B - CHF),255.49361621652372,0.7433448571133211,0.8773183462006771,0.2277762709715887,True
Alphanatics Fund (E - USD),256.17131864380485,0.6454366629918036,0.916036820410358,0.421355814012109,True
"Waterfall Eden Fund, Ltd.",257.6008925467321,0.009812034217153674,0.8620370582459103,0.31485395233775604,False
"Lighthouse Diversified Fund, L.P.",260.3115006473642,0.34359367863433543,0.8851419220805455,0.6876577997456863,True
Aurum Synchronicity Euro Fund Ltd.,260.8255595002784,0.03629968642352845,0.9150117318276356,0.31485395233775604,False
"WAF Master Fund, L.P.",262.3196374381044,6.5813511451500344e-06,0.5894720256048788,0.5464731290798559,False
Aurum Synchronicity Dollar Fund Ltd,263.6742951020273,0.07865720540056977,0.953412581982212,0.8406846414712399,True
Millennium USA LP,264.57463329051774,0.477113393449853,0.8402143403832771,0.8406846414712399,True
Albatross Arbitrage Opportunity Fund USD,265.3875009672571,0.04605131965729379,0.7506137823140913,0.04441233364526065,False
Albatross Arbitrage Opportunity Fund CHF,265.6723524586317,0.3400452398090913,0.4921208657400651,0.5464731290798559,True
Aurum Fortress Fund Ltd.,266.37093613914317,0.22698169157796572,0.8348487349108161,0.26104838073122183,True
Albatross Arbitrage Opportunity Fund EUR,268.07905688050863,0.7505093724702874,0.8984382021471725,0.5464731290798559,True
"Millennium International, Ltd.",269.4346940569504,0.5187324653365526,0.8194814287727454,0.8406846414712399,True
Signet Global Multi Strategy Fund Class GBP,271.8966318418984,0.12636056531406714,0.3758726277446779,0.6876577997456863,True
Lighthouse Diversified Fund Limited,271.9543298612909,0.14446063141612975,0.5937459677074161,0.15515397274963671,True
"Waterfall Eden Fund, L.P.",274.0838991310664,8.333103241935272e-09,0.39983257535117483,1.0,False
J.P. Morgan Multi-Strategy Fund II Ltd - Series CN (NZD),275.7841459626267,0.2114870046377212,0.6577025532916732,0.31485395233775604,True
"Black Diamond Arbitrage Partners, L.P. (Carlson)",275.88811655292085,0.000215478089448696,0.9670685448792825,0.10780396285509863,False
Lighthouse Multi-Strategy Fund LP Series C,276.010800440533,0.024923613446920387,0.6196147022063982,0.5423653206245738,False
Lighthouse Multi-Strategy Fund Ltd Class C,276.10338090229976,0.03233415998133695,0.6011670564715409,0.6876577997456863,False
DWS Euro-Bonds (Medium),276.11477855811074,0.01150749810289181,0.8989846483647521,0.5464731290798559,False
J.P. Morgan Multi-Strategy Fund II Ltd - Series CA (JPY),277.28128957258974,0.7624346853017978,0.4904814650065008,0.8406846414712399,True
Black Diamond Arbitrage Ltd.,277.7328012637625,0.00011856355689180197,0.952418510812714,0.2277762709715887,False
J.P. Morgan Multi-Strategy Fund II Ltd - Series CA (GBP),278.8470352368014,0.43270462923517455,0.6152328801188954,0.5464731290798559,True
Aurum Investor Standard Euro Restricted,278.9120341731631,0.10565953992541899,0.884897573258242,0.8390724840729129,True
Aurum Investor Standard Sterling Restricted,279.7125159813693,0.09612282409845192,0.9108169583277506,0.6876577997456863,True
"Arden Alternative Advisers, SPC USD",280.1434489647332,0.0058697226974649035,0.13874324403870764,0.2277762709715887,False
Aurum Investor Standard Dollar Restricted,280.5792964847191,0.09970084179055715,0.9433235007418683,0.6876577997456863,True
Absolute Return Multi-Strategy I LP,281.2714094342869,0.033497307419940246,0.6488370892504811,0.8406846414712399,False
Opus Diversified Fund LLC,281.5571351020411,0.05351869975994785,0.24204845415465123,0.15939040677403393,True
J.P. Morgan Multi-Strategy Fund II Ltd - Series B (USD),285.38889483544125,0.4067876693682077,0.5122327680588299,0.8406846414712399,True
J.P. Morgan Multi-Strategy Fund II Ltd - Series A (USD),286.52310819444637,0.4002209783578954,0.4839387499008798,0.8406846414712399,True
J.P. Morgan Multi-Strategy Fund II Ltd - Series B (GBP),287.302963683971,0.2944665158320474,0.6374413624063948,0.8406846414712399,True
Alternative Investment Partners Absolute Return Fund,290.3040843913833,0.13820147623038465,0.9789806349134946,0.5464731290798559,True
Alternative Investment Partners Absolute Return Fund STS,290.334490631377,0.045927212224050294,0.9674943967355626,0.008969049061947842,False
"IL Hedge Investments, LLC",294.78251130100597,0.0985457886061655,0.9774441736425201,0.31485395233775604,True
"Symphony Bravura 99 Fund, L.P.",295.7952239217716,0.39808244198468207,0.9764940795571454,0.68462500549865,True
Black Diamond Ltd.,298.3131400463165,0.905308630912813,0.9382804972753963,0.2277762709715887,True
"Black Diamond Partners, L.P.",298.56680130186766,0.889640450945092,0.9453978742408933,0.2277762709715887,True
Hatteras Core Alternatives TEI Institutional Fund L.P.,300.2244091608458,0.1307138742865735,0.5401610032774579,0.07042609327631655,True
Candriam Bonds Credit Opportunities I-EUR,300.35074531291565,0.00011390339913869921,0.2443969378195682,0.421355814012109,False
BPI Strategies -Vasco Da Gama Class B (USD),301.2641557815726,0.12315599003815514,0.5071540536365464,0.31485395233775604,True
Hatteras Core Alternatives Institutional Fund L.P.,302.562984832596,0.16116291565419222,0.5886203116797565,0.07042609327631655,True
BPI Strategies -Vasco Da Gama Class C (EUR),303.1291572943627,0.0575487163851803,0.49769302903168255,0.4166079797081017,True
Candriam Bonds Credit Opportunities C-EUR,303.94988195647585,0.00015371213444028025,0.19383494134703572,0.421355814012109,False
Sandler Offshore Fund Class (A-U),304.4580382637379,0.0008673965505297255,0.5350246705486931,0.47553786168685486,False
Sandler Associates (Class A-U),305.8729836731033,0.001404564996059488,0.5362453516040584,0.5407930053783456,False
"SSI Hedged Convertible Opportunity Fund, LP",305.9307621601036,0.019767300575269337,0.7024572855352913,0.8406846414712399,False
Hatteras Core Alternatives TEI Fund L.P.,307.27039924769707,0.21368737337913218,0.5616315732751931,0.027022267193961058,False
Hatteras Core Alternatives Fund L.P.,309.15534530494375,0.19001356363324118,0.5545184185353265,0.027022267193961058,False
"Atrevida Multi-Strategy Offshore Fund, LP",309.1680238741749,0.04183648234815778,0.7354419010310682,0.2277762709715887,False
"Atrevida Multi-Strategy Master Fund, L..P.",310.62091056414033,0.12542546653621361,0.8795741793197696,0.10780396285509863,True
WCM Merger Fund Ltd.,312.1942140391407,0.006976352015548592,0.45936017181537203,0.8390724840729129,False
GAM Diversity GBP Open,313.35986464863663,0.2436647129277809,0.710919436947968,0.6876577997456863,True
Weiss Multi-Strategy Partners LLC,315.57432123444016,0.005103461482607233,0.13460698670948798,0.6876577997456863,False
Edmond de Rothschild Prifund Alpha Uncorrelated (EUR) Cl. A,315.9304936386334,0.4391134692151368,0.9813473920155769,0.8406846414712399,True
Edmond de Rothschild Prifund Alpha Uncorrelated (USD) Cl. A,317.21870437905625,0.40311673890033384,0.8934160477337308,0.15939040677403393,True
Hurdle Fund,317.5343401121544,0.4552330962073662,0.7451826010702348,0.4166079797081017,True
Edmond de Rothschild Prifund Alpha Uncorrelated (EUR) Cl. B,317.70503058406626,0.45578185457621656,0.979393470166345,0.5464731290798559,True
DWS Eurorenta,318.6530281706426,0.49189871759943965,0.9788128733869894,0.31485395233775604,True
Hurdle EURO Feeder,318.8265861364247,0.18696099023529972,0.5004471171306734,0.47423690911626437,True
Hurdle GBP Feeder,319.7079346386175,0.08657860978388641,0.9826612124972157,0.5464731290798559,True
STS Master Fund Ltd. - Class I,320.1399630762949,2.5801487620050705e-06,0.26194419799775037,0.15939040677403393,False
GAM Diversity CHF Open,320.24854007558986,0.122863728934829,0.5969730882418862,0.421355814012109,True
Edmond de Rothschild Prifund Alpha Uncorrelated (USD) Cl. B,321.01958458937,0.35934055928011954,0.49454201887240123,0.07042609327631655,True
GAM Diversity EUR Open,321.2960744956585,0.09565376904007485,0.6140475655352137,0.6876577997456863,True
GAM Diversity SGD Open,321.6042998272954,0.09835554977397222,0.634975270117511,0.6876577997456863,True
GAM Diversity USD Open,322.9021914506071,0.082170545946407,0.6084304377169072,0.6876577997456863,True
OCCO Eastern European Fund (Ex -Ollo E.Euro Opportunities Fund),324.85543267491795,0.15087058296480665,0.45421776984606166,0.08286781252493669,True
Victoria Capital Dynamic European Fund Limited EUR,327.39891762492306,0.0034405544308203466,0.3744010843750443,0.04441233364526065,False
"Bodleian Partners B, L.P.",328.23130819057013,0.327470152184278,0.45738816670277904,0.6876577997456863,True
Victoria Capital Dynamic European Fund Limited GBP,328.7149013123576,0.0012821104652760865,0.5222399203413219,0.004889127239612545,False
Victoria Capital Dynamic European Fund Limited USD,330.39183788338283,4.0793921718664365e-05,0.206572355386924,0.421355814012109,False
Gems Recovery Portfolio EUR,331.9015004460806,0.10649385452272331,0.9936072664601406,0.6876577997456863,True
"Bodleian Partners A, L.P.",332.1421507599449,0.40621234367031744,0.4477400515046782,0.6876577997456863,True
A.R.T. Absolute Return Target Fund F Equity Strategy (USD),332.8122506871497,0.0016366111709488799,0.8090608094945082,0.2277762709715887,False
Gems Recovery Portfolio USD,333.2951503870153,0.13045285976087562,0.998149070359373,1.0,True
"Ventura Capital Partners, LLC",333.4133692868036,2.113135148525095e-06,0.8744541349315058,0.5464731290798559,False
EnTrustPermal Fixed Income Holdings N.V. USD A,336.1586631533568,0.40847292851235495,0.9523521123511565,0.10780396285509863,True
"Lighthouse Credit Opportunities Fund, Ltd. Class B",337.69899189371597,0.07580942337493099,0.6299267748768443,0.31485395233775604,True
EnTrustPermal Macro Holdings Ltd. EUR A,338.48539534658215,0.13745564469492055,0.8356136899020038,0.6876577997456863,True
GAM Trading II - CHF Open,341.2698952693891,0.4117744975511508,0.9294390106728859,0.6876577997456863,True
"Lighthouse Credit Opportunities Fund, LP Class B",342.3694334687903,0.0616062319570198,0.9358509899090415,0.5464731290798559,True
"Alternative Investments Institutional, Ltd.",344.32466259398456,0.12507649661917858,0.91582400399024,0.027022267193961058,False
Lighthouse Global Long/Short Fund L.P,345.3930110842126,0.007730959422344696,0.40464453047288385,0.2277762709715887,False
Lighthouse Global Long/Short Fund Ltd.,345.4833175340475,0.009708912592077432,0.4142162327826757,0.2277762709715887,False
"PSAM WorldArb Partners, L.P.",345.6461946929585,0.1956887791706985,0.9081968942400491,1.0,True
PSAM WorldArb Fund Limited,345.71340376991367,0.20534565888219114,0.8987910274924689,1.0,True
"Alternative Investments Institutional, L.P.",346.31562658256007,0.12344612094136398,0.9201469467886175,0.027022267193961058,False
Alternative Investments L.P.,346.77176802432865,0.04138707807003429,0.9168859471525149,0.421355814012109,False
"Whitebox Multi-Strategy Partners, L.P.",348.19216895012767,0.15683207990723735,0.7320142191703647,0.421355814012109,True
GAM Composite AR EUR - Open,349.36821692053326,0.3506969535863482,0.4574915527603979,0.6876577997456863,True
Schroder ISF Emerging Markets Debt Absolute Return A Acc USD,349.74409641374723,0.0018656968801726288,0.33522996268456545,0.30991513324051767,False
EnTrustPermal Absolute Return Fund USD B,350.6301937075176,0.07119682713148581,0.5014816703055744,0.31485395233775604,True
GAM Composite AR GBP - Open,351.11834528796254,0.27145423434832183,0.6168247414846921,0.7586241101414932,True
GAM Composite AR CHF - Open,352.23454124425655,0.3616288719704777,0.7068851738998071,0.6876577997456863,True
Silvercrest Hedged Equity Fund,353.5324377564986,0.04055138125627207,0.48062239533294304,0.10780396285509863,False
Reichmuth Alpin CHF,354.2178191263576,0.05967463768121378,0.5841127841798359,0.9100037532507776,True
Gems Low Volatility Portfolio CHF,354.4351030506201,0.5393900506359894,0.7669842738552752,0.8406846414712399,True
TAS Global Macro - Class A (USD),354.66964923101676,0.9209119350141872,0.6902215193769904,1.0,True
TAS Global Macro - Class B (EUR),354.8877945310865,0.8310309521707535,0.7108462305311575,0.6876577997456863,True
TAS Global Macro - Class H (USD),354.92403718972747,0.9102322854203445,0.7176412585067455,1.0,True
DWS Euro-Bonds (Long),355.7849824112616,0.5610858622747096,0.9874735869853999,0.15939040677403393,True
"SM Merger/Arbitrage, L.P.",356.1056087920398,0.005277330562537411,0.9616322534159395,0.8406846414712399,False
TAS Global Macro - Class G (EUR),356.1568577700906,0.8371828349195932,0.7237931656573751,0.421355814012109,True
X-Chequer SNN Market Neutral Qualified Hedge Fund,357.66726397217803,0.0022825931267727957,0.7246613177632526,1.0,False
Edmond de Rothschild Prifund Alpha Diversified Cl. A (USD),358.1027999798739,0.17363356798504603,0.4877431519793224,0.07042609327631655,True
Dorchester Capital Partners LP,358.5379734723746,0.682450108023131,0.45814392431386863,1.0,True
Gems Low Volatility Portfolio USD (Regular),359.2792588042416,0.3832549815124462,0.5854402192244171,0.8406846414712399,True
Gems Low Volatility Portfolio GBP,359.2957144208562,0.4516982101293581,0.5525808329773879,0.8406846414712399,True
Edmond de Rothschild Prifund Alpha Diversified Cl. B (USD),359.4551538870506,0.06080003059840497,0.3269298882776153,0.8406846414712399,True
Gems Low Volatility Portfolio EUR,359.63933278054805,0.34391967654906597,0.5518773436109597,0.8406846414712399,True
Candriam Bonds Global High Yield (C),359.8016034426248,0.016723529924403787,0.7648524148679895,0.15939040677403393,False
Candriam Bonds Global High Yield (N),359.8158624027682,0.017449439739838007,0.7614947395470552,0.15939040677403393,False
Edmond de Rothschild Prifund Alpha Diversified Cl. A (EUR),359.840103183622,0.08014008525419167,0.34384576474189016,0.8406846414712399,True
Edmond de Rothschild Prifund Alpha Diversified Cl. A (CHF),361.183520436535,0.020155045216583414,0.3516094979131177,0.5464731290798559,False
Edmond de Rothschild Prifund Alpha Diversified Cl. B (EUR),361.29026706828176,0.09923605463428628,0.32413065569910293,1.0,True
European Capital Holdings,361.3161239519071,0.8659704642639068,0.5234321088127375,1.0,True
Reichmuth Alpin Classic Share Class P,361.3750826615284,0.076592990061971,0.42562219866932643,0.3477050302097999,True
Edmond de Rothschild Prifund Alpha Diversified Cl. C (CHF),361.50371692288013,0.14751376260213706,0.5417300487534246,0.15939040677403393,True
"Oxbridge Partners, L.P.-Series A",361.9639629198583,0.2583658031277505,0.7358476999751771,0.2277762709715887,True
Candriam Bonds Global High Yield (I),362.2136662947622,0.03292966463638973,0.7850706921891663,0.15939040677403393,False
Edmond de Rothschild Prifund Alpha Diversified Cl. B (CHF),363.31635245341874,0.024824644689214213,0.15805349736772956,0.8406846414712399,False
Wada Capital Japan Trust,363.92085877806403,0.625242301375914,0.28505896614740084,0.04441233364526065,False
AMC Alternative Fund -BCV Multi-Strategy Fund (EUR) A,363.94846524603645,0.2143696857072504,0.7821869191860734,0.6876577997456863,True
Edmond de Rothschild Prifund Alpha Property Securities A USD,364.03251163533537,0.04635037448832511,0.6813553129709744,1.0,False
AMC Alternative Fund -BCV Multi-Strategy Fund (EUR) B,364.2424447481734,0.1268215677503805,0.775348218954704,0.6876577997456863,True
Black Diamond Relative Value Ltd. (Carlson),365.183893235021,0.8776210498891333,0.747374189678928,0.6876577997456863,True
"Black Diamond Relative Value Partners, L.P. (Carlson)",366.0359458807979,0.8718483359724205,0.7404825137322325,0.6876577997456863,True
AMC Alternative Fund -BCV Multi-Strategy Fund (USD) B,368.2562905417262,0.1673185775518446,0.3760574203178858,0.8406846414712399,True
AMC Alternative Fund -BCV Multi-Strategy Fund - (CHF) B,369.06757484634704,0.2529959437271522,0.32211838966411416,0.8406846414712399,True
TradeLink Master Fund LP,369.2444000589607,0.037244294441130726,0.6860117916433396,0.8406846414712399,False
AMC Alternative Fund -BCV Multi-Strategy Fund - (CHF) C,370.5421322240779,0.011227445267288184,0.8917153196060227,0.421355814012109,False
AMC Alternative Fund -BCV Multi-Strategy Fund (USD) A,370.7724080680513,0.24629341267968768,0.5253023979718098,0.421355814012109,True
"Double Eagle Capital Ace Fund, L.P. Class B",372.0948168052612,0.9785707094948913,0.31810015978483536,0.421355814012109,True
AMC Alternative Fund -BCV Multi-Strategy Fund - (CHF) A,372.33173531921443,0.18781423351485232,0.333201500593832,0.6876577997456863,True
EnTrustPermal Macro Holdings Ltd. USD A,375.6801472792471,1.226300952293432e-05,0.47661260245952475,0.6876577997456863,False
"Whitebox Relative Value Partners, L.P.",376.73705323189057,0.003131112445846648,0.983224397006965,0.421355814012109,False
"Verition Multi-Strategy Fund, Participating Modified Interests",377.1141942282313,0.012473414469651186,0.8719482002381007,0.5464731290798559,False
"Strategic Balance Partners, LP",378.5612853064224,0.4980391515070557,0.03610154079995719,0.6876577997456863,False
"Double Eagle Capital Ace Fund, L.P. Class A",378.87939132736074,0.8341647284160024,0.5027519959111467,0.6876577997456863,True
Polar Long/Short Fund,379.1334644239896,0.019248676163783993,0.014059786879143877,0.31485395233775604,False
Edmond de Rothschild Prifund Alpha Concentrated Cl. A (USD),379.19432742568955,0.05614860608253925,0.323003367092466,0.8406846414712399,True
Edmond de Rothschild Prifund Alpha Concentrated Cl. B (USD),380.2429448907921,0.06992129056561873,0.32461616551726613,0.8406846414712399,True
Edmond de Rothschild Prifund Alpha Concentrated Cl. A (EUR),380.3396060465805,0.02995905956510809,0.32252188858827463,0.68462500549865,False
Edmond de Rothschild Prifund Alpha Concentrated Cl. C (EUR),380.90742182432257,0.03391220311106979,0.37719292033376856,0.8406846414712399,False
Edmond de Rothschild Prifund Alpha Concentrated Cl. B (EUR),381.84931528651805,0.040596655003091335,0.43541504163604255,0.68462500549865,False
Tordesillas L/S Iberian Equities,382.17272283546384,0.05928304854156809,0.5733262790704057,0.6876577997456863,True
"Alternative Investments International, L.P.",382.7539045399256,0.019842820801495076,0.9136030672898285,1.0,False
Venator Income Fund Class F,383.1210189580276,0.0035296486343691755,0.7630292810210982,0.5464731290798559,False
WPS Capital Fund LLC,384.7250830135059,0.07880315119518505,0.937131913722339,0.31485395233775604,True
"Whitebox Credit Partners, L.P.",387.17206114918,0.4782547101980362,0.21536249381560774,1.0,True
Third Friday Total Return Fund,387.3681149872824,4.154053343497102e-06,0.5689050568726958,0.2277762709715887,False
Worldwide Opportunity Fund (Cayman) Ltd. Class A,388.5295585884346,0.00389153243126498,0.8812137547590978,1.0,False
TT International Mid-Cap Europe Fund-USD Class B,394.78194600569606,0.5273722163608484,0.4945991143564885,0.15939040677403393,True
Sierra Europe Offshore USD Class C,394.929986153933,0.09914768268424932,0.12048535530982574,0.15939040677403393,True
TT International Mid-Cap Europe Fund-EUR Class A,396.15400489418835,0.7376094401933231,0.07033609496019641,1.0,True
Candriam Bonds Euro High Yield (C),397.05824636937984,0.00108962908759656,0.1502961052385585,1.0,False
Candriam Bonds Euro High Yield (N),397.14763140913067,0.0011171912673840205,0.14882844664175773,1.0,False
Candriam Bonds Euro High Yield (I),398.4379383446168,0.0015332774303720446,0.14477625652063789,1.0,False
Venor Capital Offshore Ltd.,398.97029987795776,0.3128447838316246,0.49804712229327897,0.31485395233775604,True
Venor Capital Partners LP,399.5398035524876,0.2609871179375489,0.5219647185306364,0.31485395233775604,True
Sierra Europe Offshore Euro Class D,399.6222947311031,0.04566955578258291,0.23617287821714653,0.15939040677403393,False
"European Selection Holdings S.A., SICAV-FIAR",400.40128966418666,0.008489262112493528,0.7876398901251299,0.6876577997456863,False
Sierra Europe L.P. (Without New Issues),400.4659008432292,0.17980056732428096,0.12417521215067297,0.15939040677403393,True
TT International Fund Ltd Class A,401.7613930327714,0.28020679981651675,0.4192112697114008,0.15939040677403393,True
Bostwick Compound L.P.,403.1953739860073,0.0019195243578578223,0.08591009138091879,0.6876577997456863,False
Edmond de Rothschild Prifund Alpha Volatility Cl. A (USD),405.6151264477615,0.01034143884659881,0.84160194667246,0.5464731290798559,False
Edmond de Rothschild Prifund Alpha Volatility Cl. B (USD),405.8248694275959,0.011776903506635976,0.8332559928512959,0.5464731290798559,False
Swan Defined Risk Strategy SMA,406.0537985241714,6.710756304179303e-07,0.49660150535271297,0.5464731290798559,False
Sphera Fund,406.1089587593085,0.20324168647425733,0.47492164645009904,0.3576984423585343,True
"Masters Research Partners, L.P.",406.2219354787094,0.5060392191937626,0.6998585250843283,0.5464731290798559,True
Edmond de Rothschild Prifund Alpha Volatility Cl. A (EUR),407.19196993987964,0.007944993167589667,0.8362338727449394,0.5464731290798559,False
Edmond de Rothschild Prifund Alpha Volatility Cl. B (EUR),408.1154138576897,0.011202562930459129,0.8194280196003756,0.5464731290798559,False
"TRF Master Fund (Cayman), L.P.",408.47787825779955,0.43139027333972013,0.33554125215011366,0.10780396285509863,True
"Wexford Credit Opportunities Fund, LP Class A",409.7841807672949,1.955565635356663e-05,0.5533181090723265,0.31485395233775604,False
"American Selection Holdings S.A., SICAV-FIAR",410.74359650275807,0.03568831681912536,0.5340890747329499,0.6876577997456863,False
Haussmann Class A USD,411.528669033974,0.10860414818778891,0.9085791412982237,1.0,True
PSAM Rebound Partners L.P.,411.94282866200626,0.5951701597156137,0.18280658772934258,0.421355814012109,True
PSAM Rebound Fund Ltd.,412.040596279102,0.5726857290219457,0.17942428315767617,0.6876577997456863,True
Silvercrest Emerging Markets Fund,412.7490236480398,0.033192094593565376,0.9263109186034628,0.6876577997456863,False
EnTrustPermal Investment Holdings N.V. USD A,412.95276779040717,0.01626524086849969,0.9341108687157316,0.421355814012109,False
"Verde Alpha Fund, LTD - Alpha I Class",413.4615999412343,0.0005549820604019628,0.8658897620681707,1.0,False
EnTrustPermal Investment Holdings N.V. EUR A,413.48570694079905,0.05519261771630318,0.9780184166104156,0.2277762709715887,True
Stratus Fund Ltd - Class B Shares (USD Standard Leverage),414.14289503982536,0.48790555473548436,0.8245422333378178,0.15939040677403393,True
Weirton Fund LLC,414.98780556005266,0.004209778476908024,0.7023635463686134,0.421355814012109,False
"Verde Alpha Fund, LTD - Alpha II Class",415.14967484029876,0.0004518463036496814,0.8542979540538433,1.0,False
"TCW Sepulveda Long/Short Equity Fund I, LP",415.34239280939295,0.006078443785404105,0.6069709034435827,1.0,False
Stratus Fund Ltd - Class D Shares (Euro Standard Leverage),415.58814334698775,0.4008578093198165,0.8143922853788657,0.15939040677403393,True
"TCW Sepulveda Long/Short Equity Fund II, LP",415.76016560161736,0.006959053539982434,0.6000531070038433,0.8390724840729129,False
Stratus Feeder LLC - Series 1 (USD Standard Leverage),415.8908918179746,0.402902721236827,0.8067672196935987,0.31485395233775604,True
"Trilogy Financial Partners International, Ltd.",417.43433537346846,1.2501005896932574e-07,0.3179446276724913,0.027022267193961058,False
Sycomore L/S Opportunities Class I EUR,418.0051162698905,0.000753200273221978,0.16791617605422599,0.10780396285509863,False
Stratus Feeder Ltd - Class B Shares (USD Standard Leverage),418.1391428347608,0.32842584100896177,0.8059867550679696,0.15939040677403393,True
P & A  Diversified Managers Fund L.P.,418.44347330288923,0.0010510439567871228,0.6079293511019095,0.31485395233775604,False
Trilogy Financial Partners LP,419.2371010033521,9.369765627124097e-08,0.8996513511942493,0.0025675289301556603,False
Van Hulzen Covered Call Strategy (SMA),420.43739803844846,0.004237526607953888,0.4395182735735701,0.421355814012109,False
"P & A Balanced Fund, L.P.",422.5822255873305,0.00740708425309682,0.29135819379569117,0.8406846414712399,False
"Spectrum Master Fund, Ltd. ",423.4119172164403,4.9416760142148314e-09,0.9303550224089889,0.027022267193961058,False
Black Ant Value Fund Limited Class C,424.6552466236782,1.2466873969019974e-06,0.9783977340595491,0.04441233364526065,False
"P & A Select Strategy Fund, L.P.",426.169104141337,0.0018944583871510878,0.5456016222562958,0.8406846414712399,False
Wexford Offshore Spectrum Fund Class A/C,427.58054490902686,0.09998278841966607,0.5127079747354217,0.8390724840729129,True
"Wexford Spectrum Fund, L.P. Class A/C",428.45678392848396,0.07154081238014157,0.5404884749657092,0.47423690911626437,True
Optima Multi-Sector Fund L.P.,429.96909994205953,0.022795179611243225,0.9672972009536949,0.31485395233775604,False
Optima Fund Limited Class A,430.53467196325494,0.0009648021875014591,0.8319607602105267,0.04865866529401597,False
P & A Multi Sector Fund L.P.,431.569466060386,0.001340349657100445,0.37253837817737645,0.8406846414712399,False
"P & A Multi-Sector Fund II, L.P.",432.40486901423407,0.0012877703726360743,0.3877815107860053,0.31485395233775604,False
EnTrustPermal Japan Holdings N.V. USD A,432.8325569148801,0.24165041701826828,0.790183808697648,0.2277762709715887,True
"Windmill Partners, L.P.",435.01828255398345,0.07663392973362991,0.7933428787289356,0.47423690911626437,True
Visio I Fund,436.27811724280815,0.0946401493354154,0.5169449303399355,0.2277762709715887,True
Optima Partners Global Fund Ltd.,436.99081771521867,0.011749516252768025,0.9353321561915939,0.10780396285509863,False
Cross Shore QP Partners L.P.,437.43579918080803,0.009885292791877724,0.8632095321210352,0.6876577997456863,False
Master Capital Fund Limited,437.77585258732853,0.13450111282069027,0.8588152551817976,0.04441233364526065,False
Optima Fund L.P.,440.2089061517108,0.002228867608403184,0.8187905264608325,0.14948394558960354,False
"Cross Shore Investors, Ltd.",442.35818058593105,0.00187900060964549,0.611617240810699,0.5464731290798559,False
"Sandler Plus Offshore Fund, Ltd.",442.6852982177824,0.000717490436845429,0.6188532401471588,0.5464731290798559,False
"Sandler Plus Domestic Fund, L.P.",442.7774079962122,0.0007319779824599765,0.6399031610860942,0.5464731290798559,False
Optima Partners Global Fund LLC,443.9241612812835,0.006121450563783158,0.9570433188545038,0.2277762709715887,False
"Waycross Long/Short Equity Fund, L.P.",445.3084733843686,0.0853419431275053,0.6627319548435386,0.8406846414712399,True
ACPI Balanced UCITS Fund USD R,445.77830196816234,0.10032527247944778,0.268852195811093,0.6876577997456863,True
"ICMC Strategic Asset Fund, L.P.",445.99902181623185,0.1597704757006972,0.96760242338367,0.014811305310210576,False
GAMAG Black & White Certificate,446.43312222242224,0.0012204244559569334,0.8937572409803556,1.0,False
Touchstone Dynamic Equity Fund A,448.88450205905093,0.20614611388608595,0.9834526568413313,0.04441233364526065,False
Spinnaker Global Opportunity Fund Ltd. Class L,450.08663825578174,0.013584962862054071,0.8093746451647502,0.2277762709715887,False
"Pinnacle Natural Resources, L.P.",450.24473460881205,0.005799867544159847,0.7046990930719976,0.8406846414712399,False
Reichmuth Hochalpin CHF,451.9693743894499,0.3925798772653737,0.4496271313265634,1.0,True
Spinnaker Global Emerging Markets Fund Ltd. Class K,452.9534774863843,0.0002603742317477343,0.5502419047074023,0.184849932933294,False
WaveStone Capital Absolute Return Fund,453.154215003527,0.030658795275563464,0.8703393205259434,0.5464731290798559,False
Taiga Fund A EUR,453.21470411955005,0.045458844106137875,0.963495909458829,1.0,False
Voya CBRE Long/Short Fund Class I,458.7801991233693,0.045808307141095975,0.27687333118720986,0.31485395233775604,False
Albatross Worldwide Equity Fund EUR,461.9343335725456,0.005314092724278182,0.865480383309861,0.07042609327631655,False
Visio IV Fund,462.5077972601672,0.9054376576555633,0.7589717718812701,0.2277762709715887,True
AllianzGI Global Allocation Fund Class A,462.62063232276915,0.014754491438580394,0.37978650857778173,0.31485395233775604,False
UMJ Kotoshiro Fund USD,463.17979405188044,0.016651513289523752,0.8765913959992802,0.421355814012109,False
Albatross Worldwide Equity Fund CHF,464.83196023584446,0.008039792668808799,0.8810616880213866,0.027022267193961058,False
UMJ Kotoshiro Fund JPY,465.792745782843,0.005237854428067296,0.8853463809663495,0.2277762709715887,False
Optima Partners Focus Fund LLC (A),467.15626794308616,0.20175554601930484,0.6870766308647349,0.2277762709715887,True
"Pinnacle Opportunity, L.P.",467.5603133112266,0.00023538574228848722,0.31047717516016393,0.5464731290798559,False
Albatross Worldwide Equity Fund USD,470.90718091043044,0.010762348643609547,0.8590813015071994,0.07042609327631655,False
"ZAIS Opportunity Fund, Ltd Series A",470.96663517787124,2.0115707574637044e-11,0.6834854169233526,0.2277762709715887,False
Stratus Fund Ltd. - Class E Shares (Euro 1.5X Leverage),470.98294347186084,0.05403542539513523,0.5288254475027302,0.15939040677403393,True
Falcon Point Long/Short Tax Exempt Fund,471.00688526432344,0.4722386826894916,0.5012529175091632,0.31485395233775604,True
Wexford Offshore Catalyst Fund Limited Class A,471.12282586710194,0.12216980168965996,0.5977394346004735,0.6876577997456863,True
Optima Partners Focus Fund (A),472.0784170091385,0.6371679763951533,0.7773577961520985,0.04441233364526065,False
"ZAIS Opportunity Domestic Feeder Fund, LP Series A ",472.56457952834916,1.923273140619165e-11,0.7004887833852946,0.2277762709715887,False
SWMC Small Cap European Fund,472.9603625275409,0.0005722017494310233,0.24057354616366255,0.2277762709715887,False
Vision Opportunity Fund LP,474.2673636917247,0.001506023346244741,0.865782554193712,0.2277762709715887,False
Worch Capital Partners LP,474.39276576848226,5.510752717212178e-06,0.9853556658898277,0.07042609327631655,False
Superfund Blue SPC Class A (EUR),475.0210386116652,0.013205276519214961,0.15741688002076726,0.10780396285509863,False
"Wexford Catalyst Fund, L.P. Class A",476.21884550155653,0.30891056356596813,0.6902352913712331,0.6876577997456863,True
Falcon Point Long/Short Qualified Fund,479.3902666733514,0.31804218307673837,0.5119213299725004,0.31485395233775604,True
Falcon Point Long/Short Fund,480.7430712717058,0.32030444636846545,0.5045678975440073,0.31485395233775604,True
Stornoway Recovery Fund LP,481.34771296777495,5.910825322260396e-07,0.9984891305465231,0.421355814012109,False
UBS (Lux) Equity Fund - Canada (CAD) P-acc,483.4924106127385,0.2115799027776304,0.7410191889607719,0.04441233364526065,False
"Sandfly Partners, Ltd. ",484.372131310983,0.3581862285856439,0.7709183440773836,0.8406846414712399,True
"Odin Raven Fund, L.P.",492.1343213584233,0.00034192444676962625,0.7537059518844825,0.6876577997456863,False
"Welch Entrepreneurial Fund,  L.P.",498.892658420924,0.005967018487058148,0.36838846278145343,0.8406846414712399,False
"Twin Securities, L.P.",499.79968755254873,2.85550805678453e-09,0.8450770497219834,0.421355814012109,False
"Ocean Partners, LLC",500.1624260421217,0.21380198045222282,0.5785545261524315,1.0,True
"Twin Offshore, Ltd.",500.79528484595926,2.625176835214684e-09,0.8363313030433732,0.421355814012109,False
"Telemetry Fund I, L.P.",502.33426566748466,0.2981617795931104,0.8509160299201379,1.0,True
"Tamarack Global Healthcare Fund, LP",503.4966778838418,0.11722407882963848,0.14836670003822153,0.5464731290798559,True
"Millrace Fund, L.P.",503.594679926734,0.0027697482435822345,0.8645899878223257,0.22304156324863889,False
"VN Capital Fund I, L.P.",505.96695468853824,0.9599682872741799,0.8279706475918513,1.0,True
Stratus Fund Ltd - Class C Shares (USD 1.5x Leverage),507.47815158434287,0.4642159841594696,0.7694655625230395,0.15939040677403393,True
DWS Global Value LD,510.0067905611425,0.06289261067650165,0.9653471008613664,1.0,True
RAM (Lux) Systematic Funds European Equities EUR Class (B),511.3096412359763,0.008523628153455465,0.8588333518082889,0.2277762709715887,False
Yeoman 3-Rights Value Asia Fund,512.3146582155098,0.002760240847290682,0.6826451261174163,0.421355814012109,False
Real Return Asian Fund C EUR,514.6077857631607,0.04432578894119241,0.4485896468907683,0.2277762709715887,False
Pictet Health I USD,515.2731079025854,4.448829695473842e-08,0.06451711238565123,0.15565039800708647,False
Real Return Asian Fund B USD,515.5916414392958,0.06078699952228486,0.47649362465578293,0.2277762709715887,True
Valley Forge Capital LP,515.926956331349,0.07298885979860353,0.7004142707958947,0.5464731290798559,True
Real Return Asian Fund A GBP,516.072222924799,0.04763963826331668,0.41950128290270816,0.2277762709715887,False
Vertex Fund Class F,516.2251557475308,0.2952470570668392,0.5614996384968972,0.08286781252493669,True
Vertex Fund Class A,516.2314243236797,0.23798040321503028,0.5621484445181495,0.15515397274963671,True
Z Europe Fund USD LTD.,517.3332184195012,0.011354572521480887,0.8616771272952743,0.421355814012109,False
Vertex Fund Class B,517.480540153488,0.2911322329646666,0.607533940216567,0.2277762709715887,True
"Ocean Park Investors, L.P.",518.6641989457289,0.15484461698170754,0.8055270674810265,0.31485395233775604,True
Swift Run Capital LP,521.900939235763,0.00021396773850058232,0.2983537904927248,0.8356956636692483,False
Reichmuth Pilatus CHF,524.4230032430901,0.11474977508175921,0.6958704877235076,0.8390724840729129,True
Schroder ISF Asian Total Return C Dis GBP,526.020024745431,0.4594287626234907,0.8958833981009285,0.2277762709715887,True
Z Europe Fund EURO LTD.,528.31600307769,0.009125210911024645,0.8675449177885461,0.8406846414712399,False
Schroder ISF Asian Total Return C Acc EUR,529.4383107680909,0.11601364697613348,0.2701619521872032,0.2277762709715887,True
Schroder ISF Asian Total Return C Acc USD,530.3762790428971,0.10529312699895393,0.31860781746300487,0.10780396285509863,True
Schroder ISF Asian Total Return I Acc USD,530.5149303205421,0.10503176505525508,0.3139524644298068,0.10780396285509863,True
Venator Founders Fund Class A,533.4261634708419,0.04241687360684846,0.9150503756299646,0.10423924599548151,False
Sphera Global Healthcare Fund Class A,533.5220739279112,0.32641553975027404,0.7860380929761648,0.027022267193961058,False
Pictet Health P dy GBP,534.9715416728104,0.42654972032150346,0.13471045095057887,0.5464731290798559,True
"Wynnefield Partners Small Cap Value, LP I",536.0025478254049,0.9728983655447121,0.8789363613975131,0.04441233364526065,False
Vertex Managed Value Portfolio Class A,536.2932237716689,0.8088695743319039,0.8680598548831167,1.0,True
"Wynnefield Partners Small Cap Value, LP",536.6615614256078,0.8898006411860886,0.8836591461522644,0.04441233364526065,False
RAM (Lux) Systematic Funds - North American Equities USD B,537.8052134224151,0.008232622812763728,0.5285989474330377,0.68462500549865,False
UBS (Lux) Equity Fund - Australia (AUD) P-acc,539.796397570542,0.20956545611527372,0.99157272788055,0.421355814012109,True
"SM Investors, L.P.",542.1701168687933,0.8953444796844721,0.6349992873483891,0.5464731290798559,True
SM Investors II LP,543.9235380709647,0.9305105348341036,0.57662558818143,0.5464731290798559,True
OC Dynamic Fund,545.5152613303873,0.5863182672799934,0.58336166118495,0.8406846414712399,True
OC Premium Small Companies Fund,546.1555427528091,0.8492937662689517,0.519542900632006,0.31485395233775604,True
R Opal Global Equity Class F EUR,546.4631368144371,0.0022981397800047976,0.725800749344248,0.10780396285509863,False
"SM Investors Offshore, Ltd",546.5398939987462,0.9160334949842244,0.6453774871928322,0.5464731290798559,True
Tosca Master,546.5647820411474,0.002059142039518264,0.5016864715081891,0.421355814012109,False
R Opal Global Equity Class C EUR,546.6515813751956,0.0022404251101894946,0.7323702924491287,0.2277762709715887,False
Schroder ISF Asian Opportunities C Acc EUR,547.2961367803231,0.47643658476506623,0.9217562452210627,0.421355814012109,True
"Wynnefield Small Cap Value Offshore Fund, Ltd.",547.3809957526441,0.7331531783379911,0.4635593093567745,0.04441233364526065,False
DWS Global Agribusiness LC,547.9480313023755,0.020850935399731114,0.3996621379486718,0.5464731290798559,False
DWS Global Agribusiness FC,548.5904720745898,0.018744437431487345,0.3913349957886223,0.5464731290798559,False
Reindeer Trek L.P,548.7353279341236,0.9669340768729225,0.21373911578633056,0.2277762709715887,True
DWS Global Agribusiness A2 SGD,548.9949199099403,0.04136552568201699,0.74826326184965,0.8406846414712399,False
Spitfire Fund LP,549.9437949861596,0.213270013818267,0.3043893916724815,0.6876577997456863,True
GAM Star Asia Pacific Equity CHF (Acc),550.1176310103456,0.8607160942641524,0.9945770055724619,0.2277762709715887,True
GAM Star Asia Pacific Equity GBP (Acc),550.3521447334754,0.8802966665378791,0.7194762532840752,1.0,True
PSCO Partners L.P. Fund,551.0928122278474,0.6906596510056211,0.3644217159436054,0.421355814012109,True
GAM Star Asia Pacific Equity EUR (Acc),551.4104787789063,0.1124463551600367,0.7580794194543884,1.0,True
Pictet Health I EUR,552.2391350442955,0.019312016253112546,0.2989478585116646,0.8406846414712399,False
Pictet Clean Energy R EUR,552.2569374111558,0.5893136101716239,0.9957535146434039,0.5464731290798559,True
Pictet Health P EUR,552.3050138830251,0.02084980818287821,0.29320752348211143,0.8406846414712399,False
Pictet Clean Energy P EUR,552.42494999831,0.5848066104344427,0.9959552310959298,0.5464731290798559,True
Reichmuth Bottom Fishing EUR,552.5024729785694,0.8224179111207288,0.8154533893936962,0.6876577997456863,True
"Strategos Fund, L.P.",552.5249202725404,0.013252952109526431,0.3029127271466614,0.8406846414712399,False
"Strategos Offshore, Ltd.",553.6209043627899,0.014050063876306907,0.2768889956435268,0.8406846414712399,False
SVM Highlander Fund Plc EUR,553.629665135812,0.15441601317350767,0.09325145700767035,1.0,True
R Opal Europe Equity C  EUR,554.7704775144365,0.0009670344332715039,0.36707143938205394,1.0,False
"WAM Global Water Equity, LP",557.2777492952497,0.4365564819768878,0.47578847576679695,0.47423690911626437,True
Deutsche Invest I Asian Small/Mid Cap LD,557.7122774240123,0.000284878519149653,0.9784136890539679,0.6876577997456863,False
Deutsche Invest I Asian Small/Mid Cap LC,557.838176867542,0.00031142370814595563,0.9766671384473731,0.6876577997456863,False
Deutsche Invest I Asian Small/Mid Cap NC,557.8564985538633,0.00026092083840918923,0.9780014455269387,0.6876577997456863,False
Pictet Clean Energy Pdy GBP,557.9317944209535,0.08887988302327529,0.8942987401450382,0.31485395233775604,True
Deutsche Invest I Asian Small/Mid Cap FC,558.2992111721119,0.00029180407088819446,0.976730184308464,0.421355814012109,False
Deutsche Invest I Asian Small/Mid Cap LS,558.3418727763645,0.0002767518727336003,0.9788950661583196,0.421355814012109,False
"Compass Technology Partners II, L.P.",559.0449482864722,0.3023709861846813,0.22155972300348376,0.2277762709715887,True
Pictet Timber P dy GBP,559.7806835858703,0.7213026208438318,0.38120644987828656,0.5464731290798559,True
Value Partners Taiwan Fund,560.1902854879662,0.002316285062738657,0.5567842080570362,0.10140089463186497,False
Pictet Timber I EUR,563.8050319656181,0.3747616223073975,0.7616651299838906,0.31485395233775604,True
"Telligent Greater China Master Fund, LP",568.3217799408375,0.18118985120580777,0.763007144028708,0.421355814012109,True
Tallgrass Capital L.P. (D),568.9903675633129,0.16357233474638955,0.777560823010691,0.8406846414712399,True
East Capital (Lux) Emerging Asia Fund Class P EUR,569.6736909531036,0.01173214138490826,0.5330285038364722,0.6876577997456863,False
Value Partners High-Dividend Stocks Fund,569.7456730426351,0.002294624528397788,0.30596553688385847,0.06759155101264525,False
Velocity American Energy Fund L.P.,571.466624483668,0.0382129570937214,0.672250126459208,0.5464731290798559,False
"The Red Oak Fund, L.P.",575.3717520572159,0.0011238539689632106,0.19947808311926712,0.6876577997456863,False
"Tonga Partners, L.P.",576.5104107083605,0.00524289592189274,0.7907623104238194,0.5464731290798559,False
Deutsche Invest I Africa LD,577.1194328935363,0.527599451273822,0.797843757795325,0.6876577997456863,True
Deutsche Invest I Africa LC,577.259183649739,0.6090872313366751,0.7308860385374929,1.0,True
Deutsche Invest I Africa FC,577.3108794164585,0.5903907040216225,0.7254866810385591,1.0,True
Deutsche Invest I Africa NC,577.4638153838818,0.601997499086555,0.7180563547238492,0.5423653206245738,True
OC Micro-Cap Fund,580.5153187474741,0.6849217481126437,0.7683046194441427,0.8406846414712399,True
Velocity American Energy Offshore Fund,582.0018975645376,0.014987719611119377,0.7071803524117654,0.31485395233775604,False
World Equity SMA,582.1262267388634,0.11743053731369307,0.36297322021495326,0.31485395233775604,True
VT De Lisle America Fund,583.369026269059,0.3206512685069268,0.6083361332738588,0.31485395233775604,True
Deutsche Invest I Asian Small/Mid Cap USD LC,583.9790877709896,0.005160781421100693,0.9869941207305041,0.2277762709715887,False
Schroder ISF Asian Opportunities A Dis USD,584.7380349799133,0.5718138697628895,0.28634607858165095,1.0,True
Deutsche Invest I Asian Small/Mid Cap USD FC,585.7992994061367,0.005947023775885204,0.9904213412570017,0.6876577997456863,False
Pictet Clean Energy R USD,586.916260837169,0.029411401728388156,0.8866050644570206,0.421355814012109,False
Pictet Clean Energy P USD,587.0551654973565,0.027762166553955782,0.8868834148202122,0.2277762709715887,False
Pictet Clean Energy P dy USD,587.0786956303514,0.027845991558427454,0.8864261459925604,0.2277762709715887,False
Pictet Clean Energy I USD,587.2572840781544,0.026149194995483325,0.886646245265643,0.2277762709715887,False
Tantallon (Non-US Feeder) Fund,587.5099708888695,0.04934522966263644,0.9001603181331969,0.421355814012109,False
Pictet Timber R USD,589.1879264722088,0.5492118116974614,0.8813587007692237,0.15939040677403393,True
Pictet Timber P USD,589.5692468370409,0.5492045468638419,0.8819801793891792,0.15939040677403393,True
Pictet Timber P dy USD,589.6082090970945,0.5508135206253153,0.8809547375238025,0.15939040677403393,True
Pictet Timber I USD,589.8364621321688,0.549890721814168,0.8838353854876579,0.15939040677403393,True
Yellow Cypress Opportunities SP,592.2814955476656,0.0010809479573001156,0.28583749357971744,0.2277762709715887,False
Schroder ISF Asian Smaller Companies A Acc USD,593.6566856988123,0.00041702063077450884,0.08536113252214371,0.04441233364526065,False
Schroder ISF Asian Smaller Companies C Acc USD,593.9277915798899,0.0004260883415617338,0.08584198966520523,0.04441233364526065,False
"Tristan Partners, LP",594.0977757539192,0.3911941917962979,0.4146750808813168,0.5464731290798559,True
Schroder ISF Asian Smaller Companies I Acc USD,594.5801253935367,0.0004202184399442094,0.0853683529252803,0.04441233364526065,False
DWS Global Agribusiness A2 USD,595.6405114482573,0.023842298613177177,0.47476676068497303,0.5464731290798559,False
DWS Global Agribusiness E2,595.969511755513,0.02382772182607798,0.4761401065310691,0.5464731290798559,False
Sturgeon Central Asia Balanced Fund,597.9593542282037,0.732709429964929,0.14202130772296037,0.421355814012109,True
Falcon Point Small Cap Growth Strategy,598.7680015552453,0.1609533189509641,0.5491096268701705,0.15939040677403393,True
Teak Hill Fund ,599.0021859402167,0.10475781748871232,0.9233240209967748,0.8406846414712399,True
Deutsche Invest I Africa GBP RD,599.3236377252991,0.7491942144368642,0.899515537537108,0.421355814012109,True
The Elbrus Fund Limited Class A USD,600.6574553365318,0.00029625858265583404,0.3429234077603182,1.0,False
UFG Russia Select Fund,603.6737987638472,0.5452227070750584,0.5547987894290175,0.10780396285509863,True
Schroder ISF Emerging Markets C Dis USD,605.6030742951455,0.6542834999005664,0.23178762650305723,0.2277762709715887,True
TCM Vietnam High Dividend Equity Fund,606.6254269367521,0.3066764574449743,0.26621499890830486,0.6876577997456863,True
Strategic China Panda Fund,607.6327687095792,0.23452071894073578,0.7136301915010561,1.0,True
"Velocity American Energy Master Fund I, LP",610.4319683163224,0.33215872656489376,0.9136692485936513,0.8406846414712399,True
Yangtze Fund II,612.7149355785956,0.053135120224227776,0.5428009956808738,0.10780396285509863,True
"Tristan Offshore Fund, Ltd",617.289287543863,0.04589055477899896,0.8576124250294161,0.31485395233775604,False
ValueWorks Limited Partnership,618.2008165585876,0.00017015624889795067,0.9078920650560034,0.6876577997456863,False
"The Red Oak Long Fund, L.P.",621.0439002343209,0.0019658735475670524,0.13068892959598136,0.31485395233775604,False
Tiburon Taipan Fund A USD,622.8324373546807,0.02849921546136621,0.5268980408444974,0.421355814012109,False
Tosca Opportunity,624.3492657502424,0.18409713080659518,0.6471652519521914,0.2277762709715887,True
ValueWorks Long-Biased Strategy,624.8360027266631,0.004312888526982016,0.5634801205139127,0.2277762709715887,False
The Cushing Fund,625.7293087917551,0.019583636705347157,0.9968197715399153,1.0,False
Strateji Long/Short Equity Fund,632.0390689487482,0.0024791058873030293,0.16954814278404076,0.421355814012109,False
Value Partners Classic Fund Class A,632.1399928489873,0.0032893993892182494,0.7449376550437519,0.421355814012109,False
UBS (Lux) Equity SICAV - Greater China (USD) P-acc,633.9887566594681,0.018541294503879525,0.2050194705022289,0.10780396285509863,False
Superfund Blue SPC Class A (Gold EUR),637.8669590772536,0.32277281551347925,0.4064901387948786,0.31485395233775604,True
UG Greater China Multi-Strategy Fund,646.1873460724228,5.0485692278107054e-05,0.8514755387790007,0.10780396285509863,False
Stonepine Capital LP,649.5576914517063,0.007892290752823066,0.35859183939742134,0.5464731290798559,False
Odey European Inc. USD,651.0565375590315,0.0005864915896841413,0.9141840436004908,0.2277762709715887,False
Odey European Inc. GBP Class B,651.0681703844623,0.0008829002060700178,0.914492178818036,0.421355814012109,False
Odey European Inc. EURO,651.1554641029086,0.0008801601020997992,0.9138391830601325,0.2277762709715887,False
Odey European Inc. GBP Class A,651.3786250587357,0.0010630302495788068,0.9111201297536473,0.421355814012109,False
Sparta Ciclico Fundo De Investimento Multimercado,654.2605542120727,0.6214817399147261,0.2520041207766766,1.0,True
East Capital (LUX) Russian Fund - Class A SEK,656.545720517779,0.09803024699641993,0.32983095130682744,0.6876577997456863,True
UG Hidden Dragon Special Opportunity Fund,658.3295297173356,0.0009794365050212726,0.8196114102156247,0.6876577997456863,False
East Capital (LUX) Russian Fund - Class A EUR,663.5274177478259,0.06771948769534573,0.28244337684906884,0.2277762709715887,True
East Capital (LUX) Russian Fund - Class C EUR,666.3175733117923,0.14091840040186604,0.2891486394368446,0.2277762709715887,True
Thai Focused Equity Fund Class C,683.2375129820601,1.0651839675161036e-05,0.7405126156223658,0.5464731290798559,False
Thai Focused Equity Fund Class A,683.2376082417939,1.0628498788976002e-05,0.7412297173347109,0.5464731290798559,False
Thai Focused Equity Fund Class D,683.2434500295799,1.0678129185711274e-05,0.7409937218739413,0.5464731290798559,False
East Capital (LUX) Russian Fund - Class C USD,698.6036910091285,0.11620330632430148,0.7217773058050022,0.6876577997456863,True
East Capital (LUX) Russian Fund - Class A USD,699.7999099572015,0.1629796630147179,0.7567717761498939,0.6876577997456863,True
Strateji Long Only Equity Fund,708.4544053248565,0.3043327521221605,0.022139290865233877,0.2277762709715887,False
UBS (Lux) Equity SICAV - Brazil (USD) P-acc,716.3084952323059,0.6929217168789651,0.9201387214294505,1.0,True
The Prospect Fund L.P.,736.8956612188512,0.5160579006556025,0.579386364714642,0.5464731290798559,True
V2M Life Sciences LP,738.6799177735732,0.003984310453458642,0.4467707179682472,0.008969049061947842,False
G10 - Rosseau Special Situations Fund,746.7554029956691,8.89269053653327e-06,0.29416052839607737,0.015855979706169032,False
"G10 - Rosseau Special Situations Fund (US), L.P.",747.7863214711837,8.444332888403568e-06,0.28925878437551167,0.015855979706169032,False
"WHB Energy Partners, L.P.",750.0234168016647,6.588536984380625e-10,0.17782665624775837,0.004889127239612545,False
SYW L.P.,776.9605582020588,0.005712420032498345,0.8128045824619694,0.15939040677403393,False
